ticker,outstanding_share
AAM,10.5
AIC,100.0
API,84.1
ASG,90.8
BHK,4.0
BHP,9.2
BID,7021.4
BIG,16.0
BLF,11.5
BTU,3.6
BTW,9.4
CCA,18.1
CCI,17.5
CDO,31.5
BMG,5.3
BSQ,45.0
BTH,25.0
BWE,219.9
CAN,5.0
CDC,44.0
CHC,6.7
CHP,146.9
CII,624.9
CKD,31.0
CLG,21.2
CNT,65.4
DBM,1.9
DCM,529.4
DCS,60.3
DMN,12.5
DSN,12.1
DXS,579.1
DGT,79.0
DP1,21.0
DP3,21.5
DPS,31.1
DRL,9.5
FIC,127.0
FI0:00,
EFI,10.9
EPC,9.4
FDC,38.6
FGL,14.7
GMC,33.0
GTS,28.5
HD6,15.1
FUEABVND,
FUEFCV50,
FUEMAVND,
GIC,12.1
HHN,1.4
ITC,95.9
KDM,7.6
KST,6.0
LEC,26.1
HES,9.3
HFB,9.1
HKT,6.1
HLD,55.0
HPG,7675.5
HRC,30.2
LIG,94.2
LIX,64.8
MCM,110.0
MEL,15.0
MRF,6.8
MSR,1099.2
ICN,30.6
IDJ,173.5
IJC,377.7
IMP,154.0
INC,2.0
MTS,15.0
MWG,1478.5
NAF,55.6
NCG,119.8
NJC,4.8
PAT,25.0
PCE,10.0
PGV,1123.5
PLX,1270.6
PMB,12.0
PRC,3.1
PRE,104.4
PTE,12.1
PTO,1.2
QHW,8.0
RCC,32.1
SBT,814.5
SC5,15.0
SD9,34.2
SHG,27.0
SHP,101.2
SJM,5.0
SPH,10.0
SSF,3.1
SSG,5.0
SVD,27.6
TA6,3.0
TCJ,10.0
TCL,30.2
THB,11.4
TIP,65.0
TIX,30.0
TMT,36.9
TQW,8.9
TSJ,74.8
TT6,20.5
TYA,30.7
VCA,15.2
VE2,2.1
VLB,46.7
VLG,14.2
VOS,140.0
VPA,15.1
VTJ,11.4
AMD,163.5
BEL,6.0
BMK,8.0
C21,18.1
C69,61.8
CCP,2.4
CHS,28.4
CNG,35.1
CST,42.8
CTW,28.0
DAC,1.0
DC4,95.3
DLR,4.5
DUS,5.6
DVT,0.3
DXG,1018.9
DXL,4.0
EVG,215.2
FIT,339.9
FT1,7.1
GCB,4.0
GDW,9.5
HDA,27.6
HHV,497.4
HNA,235.2
HPW,74.2
HQC,576.6
HU4,15.0
HUT,1068.3
IFS,87.1
IHK,2.1
KIP,9.8
KPF,60.9
L40,10.8
LCD,1.5
LHC,14.4
MCG,52.1
MGR,20.0
MND,2.2
MST,83.6
NHV,5.5
NKG,447.6
NTW,10.0
NVP,11.0
PBC,116.7
PCF,3.0
PHN,7.3
POM,278.5
PTX,6.4
PVH,21.0
RAT,5.9
SBG,50.0
SCO,4.1
SFG,47.9
SGP,216.3
SJ1,43.5
SPV,10.8
SQC,107.3
SRC,28.1
SVG,29.4
SVT,17.3
SZC,180.0
SZL,27.3
TBC,63.5
TBH,93.1
TLH,112.3
TNI,52.5
TNM,5.8
TQN,3.6
TR1,4.6
TS3,3.9
TVB,112.1
USD,5.6
UXC,35.4
VFS,140.0
VMK,7.9
VND,1522.3
VPI,320.0
VQC,3.6
VSH,236.2
VTG,18.6
VTP,121.8
YBC,11.8
ACV,3582.3
AGP,26.6
ALV,5.7
AVF,43.3
BHH,6.0
BMV,24.2
BRC,12.4
BSL,45.0
CID,0.9
CMC,5.1
CMX,101.9
CTB,13.7
DAE,1.9
DDM,12.2
DNA,56.3
DTT,8.2
EIN,45.4
FBC,3.7
FUCVREIT,
FUEDCMID,
FUEKIV30,
GEG,358.3
HAI,182.7
HC3,20.7
HHS,432.0
HJS,21.0
HNI,23.8
HPM,3.8
HWS,87.4
ILB,38.2
KTC,36.5
L35,3.3
L63,8.3
LM7,5.0
LPB,2987.3
MES,18.6
NCS,17.9
NDP,11.1
NDX,9.6
NET,22.4
NLS,5.0
NO1,24.0
NSG,8.6
NTF,6.0
NTT,23.5
OCB,2663.1
OCH,200.0
PET,106.7
PLC,80.8
PMW,50.0
PND,6.7
PSB,50.0
PSD,51.8
PSG,35.0
PVO,8.9
QBS,69.3
QHD,6.6
RIC,70.4
SDX,2.5
SMN,4.4
SP2,20.6
SRA,43.2
SRF,33.8
SSI,1971.9
THD,385.0
TJC,8.6
TKA,3.8
TMG,18.0
TRC,29.1
TTZ,7.6
TVN,678.0
TXM,7.0
UDL,6.5
VC9,16.7
VDB,8.7
VDP,22.1
VHM,4107.4
VNF,31.7
VNM,2090.0
VNR,200.6
VNX,3.2
VNZ,29.4
VPR,5.0
VSC,374.4
VTE,15.6
VTX,21.0
XHC,21.1
XPH,13.0
ABT,11.8
ADG,21.4
ANV,266.3
ASP,37.3
BAL,2.0
BCV,1.8
BNW,37.5
BQB,5.8
BRR,112.5
BT6,32.9
BTG,1.2
BVB,640.8
BVG,9.8
CEO,567.4
CFM,2.0
CK8,3.0
CLX,86.6
CMI,16.0
DAS,4.2
DIC,26.1
DLT,2.5
DTG,9.6
EBS,10.0
ECI,1.8
F88,8.3
FCN,157.4
FHS,12.8
FIR,70.7
FRT,170.3
GIL,101.6
GSM,28.6
HGT,20.0
HMR,5.6
HPB,3.7
HU3,10.0
HVG,227.0
IPA,213.8
LCS,7.6
LSG,90.0
MH3,24.0
MPT,17.1
MQN,8.2
MTG,10.5
NAC,2.8
NDT,15.6
NHA,48.6
NHP,27.6
NNC,21.9
PAS,28.0
PIV,17.3
PJT,24.9
PNJ,337.9
PSE,12.5
PTP,6.7
ROS,567.6
SAP,1.3
SCC,4.8
SDN,3.0
SGR,69.9
SHE,15.0
SII,64.5
SIP,242.1
SJC,6.9
SKH,33.0
STP,8.0
TB8,1.3
TDH,112.7
TDW,8.5
TED,12.5
TEL,5.0
TET,5.7
TLP,236.6
TNT,51.0
TV1,26.7
TVM,2.4
UMC,1.8
VMS,9.0
VNC,21.0
VNI,10.4
VNS,67.9
VPB,7933.9
VPG,88.4
VRG,25.9
VSN,80.9
VTB,10.8
VTQ,17.1
AAT,70.8
ABB,1035.0
AME,65.2
ANT,20.5
BCB,5.7
BKC,23.5
BMC,12.4
BSC,3.2
BWS,100.0
BXH,3.0
CAP,15.3
CAR,5.6
CLH,12.0
CMV,18.2
CNN,8.8
CRC,68.4
DDB,12.0
DHM,34.5
DSG,30.0
DVN,237.0
DVW,2.3
EIC,36.7
ELC,104.8
FCC,6.0
FCM,46.2
FRM,11.7
HBH,16.0
HCM,1080.0
HDW,31.9
HFX,1.3
HLA,34.4
HMD,7.0
HOM,72.0
HVH,43.5
ISG,8.8
IST,15.0
KAC,24.0
KBC,941.8
KHD,3.3
KHS,13.9
L18,45.7
LCM,24.6
M10,31.8
MCO,4.1
MDC,21.4
MIE,142.0
NAP,21.5
NBB,100.2
NBT,29.4
NDF,7.9
NSH,20.7
NSL,12.5
NWT,8.5
PCG,18.9
PHH,18.1
PMJ,1.8
PMS,7.2
PSW,17.0
PTH,3.5
PTL,100.0
PVX,400.0
PWS,38.4
S12,5.0
S72,12.0
S99,104.1
SAV,26.0
SCL,22.4
SDD,16.0
SGN,33.5
SKV,23.0
SNZ,376.5
TAN,1.6
TAW,5.0
TCB,7086.2
TGG,27.3
TIE,9.6
TMP,70.0
TNB,29.4
TRS,6.5
VC5,5.0
VDT,2.0
VGP,7.8
VIC,3853.0
VIR,8.2
VPC,5.6
VSI,13.2
WCS,3.0
ACM,51.0
BCC,123.2
BCR,473.8
BMI,132.6
BMP,81.9
BMS,78.9
BNA,31.2
BVN,5.0
CH5,3.7
CMD,11.2
CMS,25.5
DDG,79.8
DHC,96.6
DMS,4.0
DOC,10.0
DPM,679.9
DSP,118.7
DST,32.2
EID,15.0
FCS,29.5
FRC,3.0
FUESSVFL,
FUETCC50,
GKM,31.4
HCI,5.2
HEP,6.0
HHC,16.4
HPI,60.0
HTG,36.0
HUB,30.2
HVX,41.5
ICI,4.0
ITA,938.3
ITD,26.2
KHG,449.4
KHL,12.0
KSD,12.0
KSQ,30.0
L14,30.9
LLM,79.7
LMH,25.6
LMI,5.5
MED,12.4
MIM,3.4
MTH,4.8
NAB,1715.7
NHH,113.0
NS2,56.8
NT2,287.9
ODE,10.0
ONW,2.0
PGT,9.2
PID,4.0
PLO,7.2
PNT,9.3
PTV,20.0
PVB,21.6
PVM,38.6
QSP,10.8
RDP,49.1
REE,541.7
SAB,1282.6
SBR,81.4
SGH,12.4
SHA,33.4
SMB,29.8
SMC,73.6
SSH,375.0
TA9,12.4
TBX,1.5
TID,200.0
TLG,86.5
TN1,60.1
TNG,122.6
TVA,6.3
TVD,45.0
UDJ,16.5
V15,10.0
VBC,7.5
VCG,646.5
VCR,210.0
VE1,5.9
VEC,43.8
VIB,3404.0
VIN,25.5
VNL,14.1
VOC,121.8
WSS,50.3
AGM,18.2
AMS,60.0
APC,19.9
ART,96.9
AVC,75.1
BAX,8.2
BCG,880.2
BHC,4.5
BHN,231.8
BWA,2.7
C22,3.6
CCM,6.2
CIP,4.5
CLW,13.0
CMF,8.1
CMG,211.7
CMK,1.4
CTA,9.5
CTD,101.4
CYC,9.0
DAG,60.3
DCG,6.8
DNM,5.3
DNW,120.0
DRG,155.8
DSH,10.0
DTP,32.5
DWS,25.9
GDT,24.7
GLW,18.0
GMD,420.2
GVR,4000.0
HAG,1057.4
HDP,9.9
HEC,6.0
HMG,9.0
HT1,381.6
IDI,273.2
JOS,15.0
KKC,5.2
KWA,3.8
L62,8.3
LGL,51.5
MIC,8.5
MTP,7.5
NCT,26.2
NDW,34.2
NLG,385.1
NNT,9.5
NTB,39.8
NUE,6.0
PCM,3.9
PMT,4.9
PNC,10.8
POT,19.4
PPP,8.8
PTS,5.6
PVC,81.2
PVP,103.7
QCC,1.3
QTC,2.7
RBC,9.9
SAC,4.0
SDV,5.0
SEA,125.0
SGD,4.0
SSB,2845.0
STK,96.6
STS,2.7
TEG,120.8
TFC,16.8
TH1,13.5
THN,33.0
TMB,15.0
TNP,7.1
TRA,41.5
TSB,6.7
TTS,50.8
USC,5.5
VAB,816.4
VC6,10.8
VDS,272.0
VTL,10.1
VTS,2.0
X77,1.3
AAS,230.0
ACS,5.4
AG1,4.9
AMP,13.0
AMV,131.1
APL,1.2
ARM,3.1
BCP,6.0
BGE,730.0
BIC,117.3
BLI,60.0
BPC,3.8
BTB,7.7
BVH,742.3
CCC,40.3
CLC,26.2
COM,14.1
CTT,4.7
DC1,4.5
DCL,73.0
DCT,27.2
DDH,3.6
DKW,4.4
DMC,34.7
DNN,58.0
DPC,2.2
DTE,50.7
DVC,10.8
E12,1.2
FPT,1703.5
FSO,5.6
FTM,50.0
FUCTVGF3,
FUCTVGF4,
FUESSV50,
GAS,2413.0
GND,9.0
HCD,37.0
HD8,10.0
HDM,20.1
HMH,13.2
HTN,89.1
HVN,3114.4
KGM,25.4
KSF,300.0
KSV,200.0
LGM,11.8
NBE,5.0
ND2,50.0
NOS,19.5
NTC,24.0
NTL,122.0
ORS,336.0
PAI,4.2
PCT,50.0
PHP,327.0
PIC,33.3
PJC,7.3
PPY,9.3
PVS,478.0
PXS,60.0
QNS,367.6
QNT,3.2
SB1,10.5
SBV,27.3
SCG,85.0
SGC,7.1
TBW,9.8
THG,31.1
THM,12.2
TNA,49.2
TOT,9.2
TRT,11.0
TTE,28.5
UEM,2.4
VC7,96.1
VES,9.0
VFG,41.7
VHD,38.0
VIF,350.0
VIM,1.3
VJC,591.6
VSA,14.1
VTH,7.9
VW3,2.0
X26,5.0
YTC,9.5
ABI,72.4
ABW,101.2
AGG,162.5
ASA,10.0
BCM,1035.0
BRS,4.5
BTN,4.4
BVS,72.2
C4G,357.3
C92,5.3
CDH,2.0
CDN,99.0
CDR,2.1
CGV,9.5
CI5,2.7
CIA,18.7
CLL,34.0
CPH,4.4
CQN,75.0
CSV,110.5
CVN,29.7
DCF,43.0
DCH,2.9
DDN,16.1
DHB,272.2
DHD,36.0
DID,15.6
DOP,4.7
DRI,73.2
DTC,10.0
EME,3.8
EVS,164.8
FLC,710.0
FOC,18.4
FUEIP100,
HGM,12.6
HND,500.0
HOT,8.0
HTL,12.0
IDV,41.2
ITQ,31.8
LAF,15.2
LBM,40.0
LSS,85.7
MCF,10.8
MFS,7.1
MGC,10.8
MGG,9.0
MML,329.1
NVL,1950.1
NVT,90.5
PCH,25.4
PGI,110.9
PGS,50.0
PHR,135.5
PPC,320.6
PSI,59.8
PTD,5.0
PTM,32.0
PVT,469.9
PXI,30.0
PXM,15.0
QCG,275.1
QNU,6.8
QNW,20.0
SAF,12.0
SCJ,57.8
SD8,2.8
SGI,75.5
SIG,10.0
SPI,16.8
SRB,8.5
SSC,13.3
STC,5.7
STW,15.9
TCW,20.0
TDB,8.2
TDG,24.2
TIS,184.0
TMW,4.7
TST,4.8
VBG,8.6
VC2,68.8
VCC,24.0
VGS,61.5
VSG,11.0
VTC,4.5
VTO,79.9
VVS,21.5
VXP,3.6
A32,6.8
AFX,35.0
APG,223.6
ASM,370.2
ATA,12.0
ATG,15.2
BIO,8.6
BSR,3100.5
BTP,60.5
C32,15.0
CAG,13.8
CBS,5.3
CC1,397.6
CCL,59.6
CT3,8.8
CT6,6.1
CTN,4.9
DBC,384.9
DHA,14.7
DND,12.8
DP2,20.0
DPP,3.0
DTD,66.7
DVP,40.0
FHN,3.0
FUEVFVND,
GAB,14.9
GDA,149.1
GTD,9.3
HAC,29.2
HAF,14.5
HDB,3495.1
HHG,34.9
HJC,12.9
HLB,3.1
HSG,621.0
HSM,20.5
HSV,15.7
ILS,36.0
ING,20.8
INN,18.0
IVS,104.9
KSH,57.5
LBE,2.0
LMC,1.5
MAS,4.3
MBB,8055.0
MEF,4.1
MQB,3.7
NDC,6.0
NED,40.5
NQN,50.8
NSC,17.6
PAN,208.9
PGC,60.3
PLA,10.0
PLP,70.0
PTB,66.9
PVD,555.9
PVG,40.0
SDK,3.1
SHN,129.6
SJE,42.3
SKG,66.5
SLD,78.6
SMA,20.4
SPC,10.5
SSM,4.9
SVC,66.6
TBD,32.4
TDT,23.9
TKG,6.3
TMC,12.4
TNV,23.7
TTH,37.4
TVT,21.0
VAV,48.0
VDL,14.7
VEF,166.6
VIE,5.1
VMD,15.4
VNT,16.6
VPS,24.5
VSE,8.9
VTD,24.0
VTK,9.4
WSB,14.5
WTC,10.0
AAA,393.7
AAV,69.0
BDG,24.8
BDT,38.6
BFC,57.2
BSG,60.0
BSI,245.4
BTS,123.6
BTV,25.0
CFV,12.7
CKV,4.0
CTI,63.0
CVT,36.7
DLG,299.3
DNP,141.0
DNT,7.3
DPH,3.0
DSD,47.1
DVM,42.8
DWC,31.5
EMG,3.0
EVF,760.6
GCF,39.3
GMA,20.0
H11,1.1
HAV,3.3
HCT,2.0
HD2,9.0
HDC,178.4
HDG,370.0
HKB,51.6
HMS,10.9
HPP,8.0
HUG,19.5
ICT,32.2
L10,9.8
LDP,13.3
LM8,9.4
LUT,15.0
MA1,10.1
MBT,3.8
MIG,211.5
MNB,20.0
MPC,401.1
MTV,5.4
NAU,3.7
PDV,66.1
PEQ,5.0
PJS,9.0
PPS,15.0
PSN,40.0
PVA,21.8
PVI,234.2
SDG,10.1
SFC,11.3
SGB,338.8
SGS,14.4
SHS,894.5
SSN,39.6
SVH,14.8
SVN,21.0
TD6,61.9
TDS,12.2
THS,2.7
TIG,193.6
TNH,144.1
TPP,45.0
TPS,5.0
TRV,130.4
TSA,40.4
TSD,1.3
TTD,15.6
TV2,67.5
UCT,5.3
VCF,26.6
VCI,722.6
VCT,1.1
VET,16.0
VFC,33.8
VGR,82.2
VHL,25.0
VIT,50.0
VKC,19.3
VLP,3.5
VNB,67.9
VWS,3.6
XMD,4.0
ABC,20.4
ACB,5136.7
ADP,23.0
BLN,5.0
BMJ,105.0
BSP,12.5
BTT,13.5
BVL,89.4
CCR,24.5
CMW,15.5
DAT,69.2
DGC,379.8
DNE,5.8
DSE,339.9
E29,5.0
ECO,20.0
FOX,738.8
FUESSV30,
GEX,902.4
HAS,7.8
HBS,33.0
HDO,16.8
HEJ,4.4
HLS,11.2
HPH,8.4
HPX,304.2
HSA,7.9
HSP,12.0
HTM,220.0
ICC,3.8
IN4,1.2
ITS,26.5
KMR,56.9
L43,3.5
L44,4.0
LAI,27.4
LCG,193.1
LDW,78.8
LQN,1.9
MCP,19.9
MSH,112.5
MTA,110.1
MTL,6.0
MTX,0.6
MVB,105.0
NBC,37.0
NHT,24.0
NTP,171.0
OPC,64.1
PAC,69.7
PGB,500.0
PHC,50.7
PIS,27.5
PMG,46.3
PTG,5.0
PTI,120.6
PX1,20.0
QTP,450.0
RAL,23.5
S27,1.6
SAL,8.3
SDP,11.1
SIV,3.5
SLS,9.8
SPB,13.3
SPM,13.8
THW,5.0
TIN,91.2
TLT,7.0
TSC,196.9
TVS,167.0
UIC,8.3
VAF,37.7
VBH,2.9
VCE,5.0
VCX,26.5
VE8,1.8
VFR,15.0
VGG,44.1
VHE,33.1
VLF,12.0
VMG,9.6
VMT,6.1
VPW,11.2
VRE,2272.3
VSM,5.0
VTR,57.3
AIG,170.6
ATB,13.9
BBH,2.0
BBS,6.0
BCE,35.0
BDW,12.4
BHG,8.9
BKG,71.6
BMD,2.8
BOT,59.2
CBI,43.0
CDP,18.2
CMT,7.3
CNA,3.4
CTC,15.8
CTR,114.4
CX8,2.7
D11,7.3
D2D,30.3
DBD,94.5
DGW,219.2
DKG,14.4
DLD,9.3
DPR,86.9
DTA,18.1
DTK,682.8
FBA,3.4
FUEVN100,
GH3,11.5
HBC,347.2
HBD,1.9
HEV,1.0
HII,73.7
HLO,10.0
HNF,30.0
HTC,16.5
HTE,22.6
HU6,7.5
IBD,9.0
IDP,61.8
KDH,1122.2
KLF,165.4
KVC,49.5
LAS,112.9
LDG,255.6
MKP,25.3
NSS,10.3
OIL,1034.2
PAP,232.0
PBP,4.8
PIA,3.9
POS,40.0
PPE,2.0
PPI,48.3
PRO,3.0
PSH,126.2
PTC,32.2
PVL,50.0
PVY,59.5
PXC,28.1
QNP,40.4
RCL,14.1
SD7,10.6
SDC,2.6
SKN,5.0
STL,15.0
SVI,12.8
TAL,311.9
TCO,31.3
TDF,30.0
TL4,15.3
TTA,170.1
TTG,3.4
TV4,19.8
TW3,1.7
UPC,3.4
UPH,13.3
VCS,160.0
VGI,3043.8
VHH,7.5
VID,40.8
VIG,45.1
VIH,5.6
VLC,212.5
VTA,8.0
VVN,55.0
VXB,4.0
YEG,191.8
AST,45.0
AVG,17.7
BCF,38.0
BMF,15.8
BSA,66.9
CDG,3.5
CET,6.1
CIG,51.0
CKA,3.3
CPC,4.1
CRE,463.7
CSC,41.1
CTG,5370.0
DAD,4.7
DFC,11.4
DIG,646.4
DNL,4.3
DS3,10.7
DVG,28.0
DZM,5.4
FID,24.7
GER,2.2
GLT,9.3
GSP,67.5
GTT,43.5
HCC,6.5
HFC,10.2
HID,76.8
HLT,5.5
HNM,44.4
HPT,10.4
HTP,91.8
HTV,13.1
HU1,10.0
ICG,17.6
ILA,19.6
IME,3.6
IRC,17.5
KHP,60.4
L61,7.6
LNC,8.2
LTG,100.7
MBG,120.2
MCH,1056.7
MVC,100.0
NAV,8.0
NHC,3.0
NQB,17.2
NTH,10.8
PDR,979.8
PEN,5.0
PHS,200.0
PNP,16.1
PVE,25.0
PVR,51.9
RYG,45.0
S96,11.2
SAM,380.0
SBA,60.5
SBH,124.2
SCD,8.5
SID,100.0
SJD,69.0
SJS,297.5
ST8,25.7
STB,1885.2
SZE,30.0
TCT,12.8
TDM,111.1
THT,24.6
TMX,6.0
TNW,16.0
TPC,22.5
TTC,5.9
TVG,2.0
UDC,34.7
UNI,42.6
V12,11.6
V21,12.0
VBB,821.0
VE9,12.0
VGL,9.3
VHF,21.5
VIX,1531.4
VKP,8.0
VMC,26.1
VPH,95.4
X20,17.3
XLV,3.0
YBM,14.3
ABR,20.0
ABS,80.0
BCA,50.0
BED,3.0
BHA,66.0
BHI,100.0
BLT,4.0
BSD,3.0
BSH,18.0
C12,4.9
C47,36.3
CEN,21.7
CKG,161.8
CLM,11.0
CMM,97.9
CTX,78.9
DC2,11.3
DDV,146.1
DFF,80.0
DL1,106.2
DQC,27.6
DSC,204.8
DXP,59.9
FMC,65.4
FTS,346.5
FUEKIVND,
GEE,366.0
HAP,110.9
HLC,25.4
HSL,38.6
HTI,24.9
HTT,20.0
ICF,12.8
JVC,112.5
KTS,5.1
L12,6.7
LPT,12.0
LTC,4.6
MBS,572.8
MCC,5.0
MLC,4.2
MLS,4.0
NAG,38.6
NAS,8.3
NST,11.2
NXT,6.6
ONE,7.9
PC1,357.6
PDB,8.9
PIT,14.2
PMP,4.2
PSP,40.0
PTT,16.5
PVV,30.0
PXA,15.0
SBS,146.6
SCR,430.6
SD3,16.0
SD5,26.0
SDB,11.0
SDT,42.7
SED,9.3
SEP,8.4
SHC,4.3
SJG,449.5
STG,98.3
SZB,30.0
TAB,6.5
TCD,335.8
TCI,115.6
TCM,112.0
TKC,15.0
TLD,77.7
TLI,3.0
TMS,169.3
TNS,20.0
TPB,2642.0
TS4,16.1
TTL,41.9
TUG,5.4
TV3,9.5
VCB,8355.7
VCW,75.0
VNP,19.4
VPL,1793.3
VUA,33.9
XDH,27.0
APT,8.8
CCT,28.5
CCV,1.8
CSM,103.6
DPG,100.8
DTH,7.5
GGG,29.4
GPC,54.1
HAH,168.9
HAM,9.6
HIO,21.0
HNP,5.0
HSI,9.9
IBC,83.2
KTL,19.2
LAW,12.2
LGC,192.9
LO5,5.1
PCC,11.5
PDN,55.6
PV2,36.9
PXL,176.0
SBM,45.0
SCI,30.5
SD4,10.3
TCR,45.4
TKU,46.9
TOW,8.0
TVH,4.0
VCM,6.0
VDG,5.8
VE3,1.3
VLA,4.0
